ds,y,trend,yhat_lower,yhat_upper,trend_lower,trend_upper,multiplicative_terms,multiplicative_terms_lower,multiplicative_terms_upper,yearly,yearly_lower,yearly_upper,additive_terms,additive_terms_lower,additive_terms_upper,yhat
2002-01-01,5848.000000000005,4352.818445676796,3711.416216018363,5183.024071995488,4352.818445676796,4352.818445676796,1.0009730200771891,1.0009730200771891,1.0009730200771891,1.0009730200771891,1.0009730200771891,1.0009730200771891,1.0,1.0,1.0,4388.432560229117
2002-02-01,5870.999999999996,4371.25879627446,3691.473727515383,5189.538334164267,4371.25879627446,4371.25879627446,1.0001377458845526,1.0001377458845526,1.0001377458845526,1.0001377458845526,1.0001377458845526,1.0001377458845526,1.0,1.0,1.0,4376.308843266556
2002-03-01,5882.999999999996,4387.981734314801,3782.1235184913744,5250.685235212914,4387.981734314801,4387.981734314801,1.0014975051668633,1.0014975051668633,1.0014975051668633,1.0014975051668633,1.0014975051668633,1.0014975051668633,1.0,1.0,1.0,4443.396223738598
2002-04-01,5858.999999999996,4406.5710512382475,3685.2166661335586,5315.104038571499,4406.5710512382475,4406.5710512382475,1.0009503279487448,1.0009503279487448,1.0009503279487448,1.0009503279487448,1.0009503279487448,1.0009503279487448,1.0,1.0,1.0,4441.832969930675
2002-05-01,5924.000000000003,4424.635691837916,3750.8641219950114,5290.2313527865945,4424.635691837916,4424.635691837916,1.0000790653777676,1.0000790653777676,1.0000790653777676,1.0000790653777676,1.0000790653777676,1.0000790653777676,1.0,1.0,1.0,4427.573399644059
2002-06-01,5915.000000000002,4443.380290180965,3696.839246995985,5201.8444287196235,4443.380290180965,4443.380290180965,0.9991175245692419,0.9991175245692419,0.9991175245692419,0.9991175245692419,0.9991175245692419,0.9991175245692419,1.0,1.0,1.0,4410.553003508212
2002-07-01,5770.000000000003,4461.595829441863,3698.7263939924333,5195.167547326697,4461.595829441863,4461.595829441863,0.9982462348989681,0.9982462348989681,0.9982462348989681,0.9982462348989681,0.9982462348989681,0.9982462348989681,1.0,1.0,1.0,4396.268997138188
2002-08-01,5811.0,4480.497006310772,3713.285641849543,5183.865781180878,4480.497006310772,4480.497006310772,0.998385697054025,0.998385697054025,0.998385697054025,0.998385697054025,0.998385697054025,0.998385697054025,1.0,1.0,1.0,4420.048981658705
2002-09-01,5410.999999999998,4499.478256431648,3679.9926117271725,5210.922089843179,4499.478256431648,4499.478256431648,0.99673687736859,0.99673687736859,0.99673687736859,0.99673687736859,0.99673687736859,0.99673687736859,1.0,1.0,1.0,4377.457613443254
2002-10-01,5363.000000000002,4517.92376806492,3746.9667625228567,5294.8016452829515,4517.92376806492,4517.92376806492,0.9983059591933691,0.9983059591933691,0.9983059591933691,0.9983059591933691,0.9983059591933691,0.9983059591933691,1.0,1.0,1.0,4453.916109103083
2002-11-01,5597.000000000004,4537.0635735257665,3794.110669236584,5328.319435755001,4537.0635735257665,4537.0635735257665,0.9996139591157016,0.9996139591157016,0.9996139591157016,0.9996139591157016,0.9996139591157016,0.9996139591157016,1.0,1.0,1.0,4522.3370531664095
2002-12-01,5699.000000000005,4555.663165335493,3829.5217948643512,5500.042439523328,4555.663165335493,4555.663165335493,1.0000899381652506,1.0000899381652506,1.0000899381652506,1.0000899381652506,1.0000899381652506,1.0000899381652506,1.0,1.0,1.0,4559.115918239907
2003-01-01,5785.000000000002,4574.9628505904775,3899.4244706850236,5484.586053576387,4574.9628505904775,4574.9628505904775,1.000997783992303,1.000997783992303,1.000997783992303,1.000997783992303,1.000997783992303,1.000997783992303,1.0,1.0,1.0,4613.5796961212045
2003-02-01,5790.999999999996,4594.344297344814,3877.733126875404,5477.879700528023,4594.344297344814,4594.344297344814,1.0004902609868807,1.0004902609868807,1.0004902609868807,1.0004902609868807,1.0004902609868807,1.0004902609868807,1.0,1.0,1.0,4613.3727198536335
2003-03-01,5817.000000000003,4611.92068405657,3935.884375164543,5568.210614615622,4611.92068405657,4611.92068405657,1.0007712334020145,1.0007712334020145,1.0007712334020145,1.0007712334020145,1.0007712334020145,1.0007712334020145,1.0,1.0,1.0,4642.014029085444
2003-04-01,5774.000000000005,4631.458699575471,3933.454103043645,5528.132474677381,4631.458699575471,4631.458699575471,1.0010193664595595,1.0010193664595595,1.0010193664595595,1.0010193664595595,1.0010193664595595,1.0010193664595595,1.0,1.0,1.0,4671.459652262227
2003-05-01,5733.000000000003,4650.445262117464,3935.552284524328,5518.760204514437,4650.445262117464,4650.445262117464,1.0010193913528695,1.0010193913528695,1.0010193913528695,1.0010193913528695,1.0010193913528695,1.0010193913528695,1.0,1.0,1.0,4690.630734331915
2003-06-01,5700.999999999998,4670.1464837831245,3895.489039196494,5502.294561864163,4670.1464837831245,4670.1464837831245,0.9993600745711401,0.9993600745711401,0.9993600745711401,0.9993600745711401,0.9993600745711401,0.9993600745711401,1.0,1.0,1.0,4644.9565230474755
2003-07-01,5526.000000000002,4689.291646041129,3901.8872713451406,5395.959037861656,4689.291646041129,4689.291646041129,0.9968715839196547,0.9968715839196547,0.9968715839196547,0.9968715839196547,0.9968715839196547,0.9968715839196547,1.0,1.0,1.0,4566.721121160455
2003-08-01,5595.0,4709.157437157122,3938.442807881993,5539.224836821476,4709.157437157122,4709.157437157122,0.9981345163903212,0.9981345163903212,0.9981345163903212,0.9981345163903212,0.9981345163903212,0.9981345163903212,1.0,1.0,1.0,4635.376298195026
2003-09-01,5682.999999999998,4729.10738803252,3965.6089530834956,5485.814943303094,4729.10738803252,4729.10738803252,0.9979678042070879,0.9979678042070879,0.9979678042070879,0.9979678042070879,0.9979678042070879,0.9979678042070879,1.0,1.0,1.0,4648.402294340256
2003-10-01,5634.999999999997,4748.49425921392,3912.878374361516,5586.946798877252,4748.49425921392,4748.49425921392,0.9984111927467294,0.9984111927467294,0.9984111927467294,0.9984111927467294,0.9984111927467294,0.9984111927467294,1.0,1.0,1.0,4685.003646833246
2003-11-01,5559.999999999995,4768.610857239704,3989.001763226074,5572.932410685376,4768.610857239704,4768.610857239704,0.9988587634786174,0.9988587634786174,0.9988587634786174,0.9988587634786174,0.9988587634786174,0.9988587634786174,1.0,1.0,1.0,4722.713180842367
2003-12-01,5579.000000000002,4788.159672019737,4033.3619076180003,5742.849785826619,4788.159672019737,4788.159672019737,1.0002685466578314,1.0002685466578314,1.0002685466578314,1.0002685466578314,1.0002685466578314,1.0002685466578314,1.0,1.0,1.0,4799.066730748483
2004-01-01,5569.999999999997,4808.444309243082,4155.8386679771575,5786.909117701262,4808.444309243082,4808.444309243082,1.0010246208093425,1.0010246208093425,1.0010246208093425,1.0010246208093425,1.0010246208093425,1.0010246208093425,1.0,1.0,1.0,4850.375008565252
2004-02-01,5555.999999999998,4828.814880632259,4096.796975894157,5819.627723151851,4828.814880632259,4828.814880632259,1.0008350953297827,1.0008350953297827,1.0008350953297827,1.0008350953297827,1.0008350953297827,1.0008350953297827,1.0,1.0,1.0,4863.127217235389
2004-03-01,5607.000000000004,4847.949340878554,4200.510509787093,5851.622250862618,4847.949340878554,4847.949340878554,1.0029571512490951,1.0029571512490951,1.0029571512490951,1.0029571512490951,1.0029571512490951,1.0029571512490951,1.0,1.0,1.0,4970.965427800534
2004-04-01,5526.000000000002,4868.487272023903,4111.080210129897,5772.556423901082,4868.487272023903,4868.487272023903,1.000877056454988,1.000877056454988,1.000877056454988,1.000877056454988,1.000877056454988,1.000877056454988,1.0,1.0,1.0,4904.860660883516
2004-05-01,5547.999999999999,4888.445527958175,4100.177634093908,5705.7261994454275,4888.445527958175,4888.445527958175,0.9981950571275848,0.9981950571275848,0.9981950571275848,0.9981950571275848,0.9981950571275848,0.9981950571275848,1.0,1.0,1.0,4813.999281565788
2004-06-01,5398.000000000001,4909.155017806681,4114.120056184287,5735.084545811996,4909.155017806681,4909.155017806681,0.998537003365985,0.998537003365985,0.998537003365985,0.998537003365985,0.998537003365985,0.998537003365985,1.0,1.0,1.0,4848.449336200611
2004-07-01,5458.000000000002,4929.279990265666,4186.16623703857,5881.691648824164,4929.279990265666,4929.279990265666,1.0009883880894954,1.0009883880894954,1.0009883880894954,1.0009883880894954,1.0009883880894954,1.0009883880894954,1.0,1.0,1.0,4970.8606441236725
2004-08-01,5332.999999999996,4950.162471891986,4149.732153880351,5818.9489422499355,4950.162471891986,4950.162471891986,0.9989936611747503,0.9989936611747503,0.9989936611747503,0.9989936611747503,0.9989936611747503,0.9989936611747503,1.0,1.0,1.0,4907.943362221184
2004-09-01,5061.999999999996,4971.133420401853,3959.5262743477792,5621.681877944399,4971.133420401853,4971.133420401853,0.9943138464653878,0.9943138464653878,0.9943138464653878,0.9943138464653878,0.9943138464653878,0.9943138464653878,1.0,1.0,1.0,4735.619729671534
2004-10-01,5156.000000000004,4991.512471951997,4183.166648866168,5844.368773562931,4991.512471951997,4991.512471951997,0.9980229814418675,0.9980229814418675,0.9980229814418675,0.9980229814418675,0.9980229814418675,0.9980229814418675,1.0,1.0,1.0,4908.100534648833
2004-11-01,5395.999999999995,5012.6585962721665,4261.5668501046985,5939.893052824286,5012.6585962721665,5012.6585962721665,1.0011096153296215,1.0011096153296215,1.0011096153296215,1.0011096153296215,1.0011096153296215,1.0011096153296215,1.0,1.0,1.0,5060.244513917248
2004-12-01,5413.0,5033.207879362711,4241.33136505615,6023.043759689262,5033.207879362711,5033.207879362711,0.9997595943308758,0.9997595943308758,0.9997595943308758,0.9997595943308758,0.9997595943308758,0.9997595943308758,1.0,1.0,1.0,5022.903288925614
2005-01-01,5446.000000000004,5054.53064278248,4299.24781169486,6034.157344458633,5054.53064278248,5054.53064278248,1.0009504654807597,1.0009504654807597,1.0009504654807597,1.0009504654807597,1.0009504654807597,1.0009504654807597,1.0,1.0,1.0,5095.647563094115
2005-02-01,5501.000000000004,5075.943738302722,4266.601059759687,5964.322419870824,5075.943738302722,5075.943738302722,0.9997778151779095,0.9997778151779095,0.9997778151779095,0.9997778151779095,0.9997778151779095,0.9997778151779095,1.0,1.0,1.0,5066.329114879425
2005-03-01,5600.999999999995,5095.362559422221,4380.648246716649,6160.888323856827,5095.362559422221,5095.362559422221,1.0022263947027388,1.0022263947027388,1.0022263947027388,1.0022263947027388,1.0022263947027388,1.0022263947027388,1.0,1.0,1.0,5193.014703378999
2005-04-01,5563.000000000003,5116.948635935768,4276.005893980035,6042.762757671672,5116.948635935768,5116.948635935768,1.0009028539792975,1.0009028539792975,1.0009028539792975,1.0009028539792975,1.0009028539792975,1.0009028539792975,1.0,1.0,1.0,5156.5382328072155
2005-05-01,5596.000000000004,5137.925453738164,4301.475666833072,6060.353256749718,5137.925453738164,5137.925453738164,0.9991372281702569,0.9991372281702569,0.9991372281702569,0.9991372281702569,0.9991372281702569,0.9991372281702569,1.0,1.0,1.0,5100.172364761086
2005-06-01,5442.0,5159.6918443868935,4247.894082672049,6057.384172949747,5159.6918443868935,5159.6918443868935,0.998843086311153,0.998843086311153,0.998843086311153,0.998843086311153,0.998843086311153,0.998843086311153,1.0,1.0,1.0,5108.884601102279
2005-07-01,5253.000000000003,5180.843887027326,4372.49593632663,6129.491202254766,5180.843887027326,5180.843887027326,0.9996190525149736,0.9996190525149736,0.9996190525149736,0.9996190525149736,0.9996190525149736,0.9996190525149736,1.0,1.0,1.0,5163.988243743581
2005-08-01,5198.000000000002,5202.792098022304,4336.484049732141,6136.211961800459,5202.792098022304,5202.792098022304,0.998672202511248,0.998672202511248,0.998672202511248,0.998672202511248,0.998672202511248,0.998672202511248,1.0,1.0,1.0,5143.974223430441
2005-09-01,4214.0,5224.833290773988,4274.891901935873,5988.054371026957,5224.833290773988,5224.833290773988,0.9955184516747588,0.9955184516747588,0.9955184516747588,0.9955184516747588,0.9955184516747588,0.9955184516747588,1.0,1.0,1.0,5027.733707048629
2005-10-01,4554.999999999996,5246.252379333681,4349.16189983092,6107.623159822876,5246.252379333681,5246.252379333681,0.9981764471919329,0.9981764471919329,0.9981764471919329,0.9981764471919329,0.9981764471919329,0.9981764471919329,1.0,1.0,1.0,5164.872979877358
2005-11-01,4856.999999999998,5268.477687925357,4438.817135165117,6298.635420375894,5268.477687925357,5268.477687925357,1.000364498521211,1.000364498521211,1.000364498521211,1.000364498521211,1.000364498521211,1.000364498521211,1.0,1.0,1.0,5284.956861303289
2005-12-01,4988.000000000001,5290.075695726228,4465.984214247675,6234.339636197982,5290.075695726228,5290.075695726228,0.9999202856933408,0.9999202856933408,0.9999202856933408,0.9999202856933408,0.9999202856933408,0.9999202856933408,1.0,1.0,1.0,5286.461350208343
2006-01-01,5048.000000000004,5312.486658125605,4519.053397401448,6364.58495760311,5312.486658125605,5312.486658125605,1.000973020077182,1.000973020077182,1.000973020077182,1.000973020077182,1.000973020077182,1.000973020077182,1.0,1.0,1.0,5356.990542092128
2006-02-01,5032.000000000004,5334.992562689244,4418.862158980199,6312.364776492524,5334.992562689244,5334.992562689244,1.0001377458845553,1.0001377458845553,1.0001377458845553,1.0001377458845553,1.0001377458845553,1.0001377458845553,1.0,1.0,1.0,5341.302570865896
2006-03-01,5027.000000000003,5355.402415829847,4549.233979314486,6308.510499765609,5355.402415829847,5355.402415829847,1.0014975051668547,1.0014975051668547,1.0014975051668547,1.0014975051668547,1.0014975051668547,1.0014975051668547,1.0,1.0,1.0,5424.651201839499
2006-04-01,5082.0,5378.090129404844,4577.163693482711,6449.439482632179,5378.090129404844,5378.090129404844,1.0009503279487462,1.0009503279487462,1.0009503279487462,1.0009503279487462,1.0009503279487462,1.0009503279487462,1.0,1.0,1.0,5422.152307818991
2006-05-01,5150.999999999999,5400.13749098614,4557.48107925788,6442.914080266633,5400.13749098614,5400.13749098614,1.000079065377766,1.000079065377766,1.000079065377766,1.000079065377766,1.000079065377766,1.000079065377766,1.0,1.0,1.0,5403.80799737149
2006-06-01,5163.000000000002,5423.01472095843,4497.185976176601,6352.771719989203,5423.01472095843,5423.01472095843,0.9991175245692445,0.9991175245692445,0.9991175245692445,0.9991175245692445,0.9991175245692445,0.9991175245692445,1.0,1.0,1.0,5382.003213040111
2006-07-01,5094.000000000004,5445.246249909562,4489.353957445736,6254.646363866353,5445.246249909562,5445.246249909562,0.9982462348989652,0.9982462348989652,0.9982462348989652,0.9982462348989652,0.9982462348989652,0.9982462348989652,1.0,1.0,1.0,5363.640671609235
2006-08-01,5040.000000000002,5468.314579359111,4581.101804751654,6403.708102742424,5468.314579359111,5468.314579359111,0.9983856970540257,0.9983856970540257,0.9983856970540257,0.9983856970540257,0.9983856970540257,0.9983856970540257,1.0,1.0,1.0,5392.803388785895
2006-09-01,5030.999999999998,5491.480635853347,4543.779521869803,6365.057405684328,5491.480635853347,5491.480635853347,0.9967368773685868,0.9967368773685868,0.9967368773685868,0.9967368773685868,0.9967368773685868,0.9967368773685868,1.0,1.0,1.0,5339.080116094216
2006-10-01,5107.999999999996,5513.992839308878,4598.731843164955,6414.2509577649835,5513.992839308878,5513.992839308878,0.9983059591933702,0.9983059591933702,0.9983059591933702,0.9983059591933702,0.9983059591933702,0.9983059591933702,1.0,1.0,1.0,5434.037444630675
2006-11-01,5064.000000000004,5537.352407923739,4615.299235697617,6553.480348431318,5537.352407923739,5537.352407923739,0.9996139591157047,0.9996139591157047,0.9996139591157047,0.9996139591157047,0.9996139591157047,0.9996139591157047,1.0,1.0,1.0,5518.9545437697325
2006-12-01,5186.000000000001,5560.052661694703,4713.0866963944245,6588.564217719924,5560.052661694703,5560.052661694703,1.0000899381652495,1.0000899381652495,1.0000899381652495,1.0000899381652495,1.0000899381652495,1.0000899381652495,1.0,1.0,1.0,5564.3663471749205
2007-01-01,5107.999999999996,5583.607358887487,4832.019468466439,6709.496838343929,5583.607358887487,5583.607358887487,1.0009977839923079,1.0009977839923079,1.0009977839923079,1.0009977839923079,1.0009977839923079,1.0009977839923079,1.0,1.0,1.0,5631.8569964582575
2007-02-01,5118.000000000003,5607.261843581156,4772.7043478530995,6762.363910377751,5607.261843581156,5607.261843581156,1.0004902609868784,1.0004902609868784,1.0004902609868784,1.0004902609868784,1.0004902609868784,1.0004902609868784,1.0,1.0,1.0,5631.035338477658
2007-03-01,5119.000000000002,5628.713305678559,4776.097270066751,6785.242460579899,5628.713305678559,5628.713305678559,1.0007712334020038,1.0007712334020038,1.0007712334020038,1.0007712334020038,1.0007712334020038,1.0007712334020038,1.0,1.0,1.0,5666.311617270007
2007-04-01,5180.000000000005,5652.558877936124,4833.742395266779,6802.107334853253,5652.558877936124,5652.558877936124,1.0010193664595597,1.0010193664595597,1.0010193664595597,1.0010193664595597,1.0010193664595597,1.0010193664595597,1.0,1.0,1.0,5702.536311162897
2007-05-01,5211.000000000001,5675.731418083784,4842.175916563777,6759.55605981052,5675.731418083784,5675.731418083784,1.0010193913528767,1.0010193913528767,1.0010193913528767,1.0010193913528767,1.0010193913528767,1.0010193913528767,1.0,1.0,1.0,5725.938830352673
2007-06-01,5074.999999999995,5699.776178634638,4818.998301103248,6677.41144525994,5699.776178634638,5699.776178634638,0.9993600745711387,0.9993600745711387,0.9993600745711387,0.9993600745711387,0.9993600745711387,0.9993600745711387,1.0,1.0,1.0,5668.309606800553
2007-07-01,5037.999999999998,5723.142285062595,4672.039283829513,6588.458568960899,5723.142285062595,5723.142285062595,0.9968715839196469,0.9968715839196469,0.9968715839196469,0.9968715839196469,0.9968715839196469,0.9968715839196469,1.0,1.0,1.0,5570.070248841325
2007-08-01,4970.000000000002,5747.387897778579,4802.207246837651,6729.093605441799,5747.387897778579,5747.387897778579,0.9981345163903206,0.9981345163903206,0.9981345163903206,0.9981345163903206,0.9981345163903206,0.9981345163903206,1.0,1.0,1.0,5655.2359423358885
2007-09-01,4902.000000000003,5771.736225001156,4778.698035420778,6807.990716238961,5771.736225001156,5771.736225001156,0.997967804207094,0.997967804207094,0.997967804207094,0.997967804207094,0.997967804207094,0.997967804207094,1.0,1.0,1.0,5670.939141596743
2007-10-01,5022.000000000003,5795.397330048227,4812.53544520495,6802.572294615655,5795.397330048227,5795.397330048227,0.9984111927467306,0.9984111927467306,0.9984111927467306,0.9984111927467306,0.9984111927467306,0.9984111927467306,1.0,1.0,1.0,5716.09776127063
2007-11-01,5034.000000000001,5819.949045207631,4894.665629045928,6810.149447823465,5819.949045207631,5819.949045207631,0.9988587634786116,0.9988587634786116,0.9988587634786116,0.9988587634786116,0.9988587634786116,0.9988587634786116,1.0,1.0,1.0,5762.621104783985
2007-12-01,5111.000000000004,5843.8077976452005,4886.9045618846685,6876.310118539055,5843.8077976452005,5843.8077976452005,1.0002685466578327,1.0002685466578327,1.0002685466578327,1.0002685466578327,1.0002685466578327,1.0002685466578327,1.0,1.0,1.0,5857.432888770009
2008-01-01,5114.999999999998,5868.56459969399,4984.131609454877,6907.54763958928,5868.56459969399,5868.56459969399,1.0010246208093456,1.0010246208093456,1.0010246208093456,1.0010246208093456,1.0010246208093456,1.0010246208093456,1.0,1.0,1.0,5920.947753807062
2008-02-01,5148.000000000003,5893.426281860146,5020.2013896208755,7023.599353851155,5893.426281860146,5893.426281860146,1.00083509532978,1.00083509532978,1.00083509532978,1.00083509532978,1.00083509532978,1.00083509532978,1.0,1.0,1.0,5936.290672026418
2008-03-01,5189.000000000004,5916.779326798152,5155.171217820819,7171.658339775066,5916.779326798152,5916.779326798152,1.0029571512490885,1.0029571512490885,1.0029571512490885,1.0029571512490885,1.0029571512490885,1.0029571512490885,1.0,1.0,1.0,6070.487071408793
2008-04-01,5180.000000000005,5941.845266615499,5058.410326550152,7060.369342043219,5941.845266615499,5941.845266615499,1.000877056454987,1.000877056454987,1.000877056454987,1.000877056454987,1.000877056454987,1.000877056454987,1.0,1.0,1.0,5987.283593829848
2008-05-01,5142.999999999995,5966.203729917727,4990.093864219541,6938.768164332358,5966.203729917727,5966.203729917727,0.9981950571275883,0.9981950571275883,0.9981950571275883,0.9981950571275883,0.9981950571275883,0.9981950571275883,1.0,1.0,1.0,5873.229916038205
2008-06-01,5137.999999999998,5991.479052077337,4995.3744638398,6962.6173348620505,5991.479052077337,5991.479052077337,0.998537003365989,0.998537003365989,0.998537003365989,0.998537003365989,0.998537003365989,0.998537003365989,1.0,1.0,1.0,5915.663730925882
2008-07-01,5177.000000000002,6016.0409879857125,5126.877833996716,7239.735501896006,6016.0409879857125,6016.0409879857125,1.000988388089489,1.000988388089489,1.000988388089489,1.000988388089489,1.000988388089489,1.000988388089489,1.0,1.0,1.0,6067.983168352094
2008-08-01,5003.000000000001,6041.52744151298,5103.624363216865,7072.2125124474505,6041.52744151298,6041.52744151298,0.9989936611747491,0.9989936611747491,0.9989936611747491,0.9989936611747491,0.9989936611747491,0.9989936611747491,1.0,1.0,1.0,5988.798786517143
2008-09-01,3974.0000000000014,6067.12186626496,4900.597342748788,6885.751967743071,6067.12186626496,6067.12186626496,0.9943138464653943,0.9943138464653943,0.9943138464653943,0.9943138464653943,0.9943138464653943,0.9943138464653943,1.0,1.0,1.0,5773.121646505189
2008-10-01,4738.000000000001,6091.993898217711,5059.242818900791,7050.7681257520235,6091.993898217711,6091.993898217711,0.9980229814418698,0.9980229814418698,0.9980229814418698,0.9980229814418698,0.9980229814418698,0.9980229814418698,1.0,1.0,1.0,5987.830714641699
2008-11-01,5078.000000000005,6117.802119884649,5228.7946212177885,7356.52943119237,6117.802119884649,6117.802119884649,1.0011096153296288,1.0011096153296288,1.0011096153296288,1.0011096153296288,1.0011096153296288,1.0011096153296288,1.0,1.0,1.0,6177.244061799919
2008-12-01,5103.000000000001,6142.881914416624,5148.033642085602,7215.253758807976,6142.881914416624,6142.881914416624,0.9997595943308785,0.9997595943308785,0.9997595943308785,0.9997595943308785,0.9997595943308785,0.9997595943308785,1.0,1.0,1.0,6130.011810368021
2009-01-01,5144.0,6168.905718899992,5245.603538493663,7372.935624726937,6168.905718899992,6168.905718899992,1.0009504654807593,1.0009504654807593,1.0009504654807593,1.0009504654807593,1.0009504654807593,1.0009504654807593,1.0,1.0,1.0,6220.264953109755
2009-02-01,5239.0,6195.03977105036,5182.828259447863,7320.663796907266,6195.03977105036,6195.03977105036,0.9997778151779108,0.9997778151779108,0.9997778151779108,0.9997778151779108,0.9997778151779108,0.9997778151779108,1.0,1.0,1.0,6183.0316637466385
2009-03-01,5219.000000000004,6218.739870055484,5352.691334503599,7519.515242902181,6218.739870055484,6218.739870055484,1.0022263947027343,1.0022263947027343,1.0022263947027343,1.0022263947027343,1.0022263947027343,1.0022263947027343,1.0,1.0,1.0,6340.730300696909
2009-04-01,5278.000000000002,6245.085040411358,5322.569734008554,7335.721858325015,6245.085040411358,6245.085040411358,1.0009028539792988,1.0009028539792988,1.0009028539792988,1.0009028539792988,1.0009028539792988,1.0009028539792988,1.0,1.0,1.0,6294.534634272376
2009-05-01,5376.999999999999,6270.686628461923,5163.044271942124,7328.80163447693,6270.686628461923,6270.686628461923,0.999137228170256,0.999137228170256,0.999137228170256,0.999137228170256,0.999137228170256,0.999137228170256,1.0,1.0,1.0,6223.539742779659
2009-06-01,5268.999999999999,6297.251866906859,5284.123485121201,7437.80826880004,6297.251866906859,6297.251866906859,0.9988430863111531,0.9988430863111531,0.9988430863111531,0.9988430863111531,0.9988430863111531,0.9988430863111531,1.0,1.0,1.0,6233.805237520683
2009-07-01,5398.000000000001,6323.0673117092965,5371.743391860295,7549.367824295239,6323.0673117092965,6323.0673117092965,0.9996190525149614,0.9996190525149614,0.9996190525149614,0.9996190525149614,0.9996190525149614,0.9996190525149614,1.0,1.0,1.0,6302.017071966721
2009-08-01,5418.000000000002,6349.854456529535,5318.114545310957,7393.588220029703,6349.854456529535,6349.854456529535,0.9986722025112459,0.9986722025112459,0.9986722025112459,0.9986722025112459,0.9986722025112459,0.9986722025112459,1.0,1.0,1.0,6276.407253951916
2009-09-01,5559.000000000001,6376.755082844156,5143.5830960446565,7288.8569855919695,6376.755082844156,6376.755082844156,0.9955184516747647,0.9955184516747647,0.9955184516747647,0.9955184516747647,0.9955184516747647,0.9955184516747647,1.0,1.0,1.0,6130.712051578716
2009-10-01,5524.000000000003,6402.896449322592,5355.623744199641,7457.323944850073,6402.896449322592,6402.896449322592,0.9981764471919333,0.9981764471919333,0.9981764471919333,0.9981764471919333,0.9981764471919333,0.9981764471919333,1.0,1.0,1.0,6301.283412392123
2009-11-01,5394.999999999995,6430.021783594992,5399.586264567448,7590.977610252652,6430.021783594992,6430.021783594992,1.000364498521204,1.000364498521204,1.000364498521204,1.000364498521204,1.000364498521204,1.000364498521204,1.0,1.0,1.0,6450.602478561748
2009-12-01,5451.999999999998,6456.381515735482,5490.352490662755,7699.856579148197,6456.381515735482,6456.381515735482,0.9999202856933422,0.9999202856933422,0.9999202856933422,0.9999202856933422,0.9999202856933422,0.9999202856933422,1.0,1.0,1.0,6451.867840083183
2010-01-01,5404.000000000002,6483.733435009921,5535.002895440358,7707.722161959496,6483.733435009921,6483.733435009921,1.0009730200771847,1.0009730200771847,1.0009730200771847,1.0009730200771847,1.0009730200771847,1.0009730200771847,1.0,1.0,1.0,6539.316093892185
2010-02-01,5553.0,6511.201228398392,5430.315489521493,7704.759064697437,6511.201228398392,6511.201228398392,1.0001377458845537,1.0001377458845537,1.0001377458845537,1.0001377458845537,1.0001377458845537,1.0001377458845537,1.0,1.0,1.0,6519.081302370498
2010-03-01,5515.000000000003,6536.110852784736,5478.256307418336,7905.829166826971,6536.110852784736,6536.110852784736,1.0014975051668622,1.0014975051668622,1.0014975051668622,1.0014975051668622,1.0014975051668622,1.0014975051668622,1.0,1.0,1.0,6622.6010870719965
2010-04-01,5392.000000000001,6563.8005387146095,5595.712272801635,7924.787258846831,6563.8005387146095,6563.8005387146095,1.0009503279487455,1.0009503279487455,1.0009503279487455,1.0009503279487455,1.0009503279487455,1.0009503279487455,1.0,1.0,1.0,6618.8296246639675
2010-05-01,5401.000000000005,6590.708693903997,5544.203101887027,7797.000118430351,6590.708693903997,6590.708693903997,1.000079065377771,1.000079065377771,1.000079065377771,1.000079065377771,1.000079065377771,1.000079065377771,1.0,1.0,1.0,6595.292327577286
2010-06-01,5380.000000000002,6618.629679012708,5565.830118659495,7782.251401986016,6618.629679012708,6618.629679012708,0.9991175245692445,0.9991175245692445,0.9991175245692445,0.9991175245692445,0.9991175245692445,0.9991175245692445,1.0,1.0,1.0,6567.42103816313
2010-07-01,5297.999999999995,6645.762605050531,5597.369856541804,7765.264032458124,6645.762605050531,6645.762605050531,0.9982462348989779,0.9982462348989779,0.9982462348989779,0.9982462348989779,0.9982462348989779,0.9982462348989779,1.0,1.0,1.0,6543.876471815543
2010-08-01,5447.000000000001,6673.916821440534,5556.214768814708,7729.376328051594,6673.916821440534,6673.916821440534,0.9983856970540244,0.9983856970540244,0.9983856970540244,0.9983856970540244,0.9983856970540244,0.9983856970540244,1.0,1.0,1.0,6579.639391051835
2010-09-01,5616.0,6702.19031080907,5454.938586449595,7709.395267286696,6702.19031080907,6702.19031080907,0.9967368773685911,0.9967368773685911,0.9967368773685911,0.9967368773685911,0.9967368773685911,0.9967368773685911,1.0,1.0,1.0,6511.948030869031
2010-10-01,5630.999999999995,6729.6657918095,5548.123744171765,7912.281760890823,6729.6657918095,6729.6657918095,0.9983059591933687,0.9983059591933687,0.9983059591933687,0.9983059591933687,0.9983059591933687,0.9983059591933687,1.0,1.0,1.0,6629.84264326299
2010-11-01,5576.000000000003,6758.175457019481,5701.077625260863,8000.71279151124,6758.175457019481,6758.175457019481,0.9996139591157001,0.9996139591157001,0.9996139591157001,0.9996139591157001,0.9996139591157001,0.9996139591157001,1.0,1.0,1.0,6735.203258427691
2010-12-01,5607.000000000004,6785.880447889025,5741.90936221621,8055.90173856741,6785.880447889025,6785.880447889025,1.0000899381652493,1.0000899381652493,1.0000899381652493,1.0000899381652493,1.0000899381652493,1.0000899381652493,1.0,1.0,1.0,6791.266859809565
2011-01-01,5497.000000000002,6814.62826177894,5818.472593738278,8192.204048853331,6814.62826177894,6814.62826177894,1.000997783992306,1.000997783992306,1.000997783992306,1.000997783992306,1.000997783992306,1.000997783992306,1.0,1.0,1.0,6874.881397458104
2011-02-01,5405.999999999996,6843.497863373457,5785.673746348348,8289.991578329094,6843.497863373457,6843.497863373457,1.0004902609868813,1.0004902609868813,1.0004902609868813,1.0004902609868813,1.0004902609868813,1.0004902609868813,1.0,1.0,1.0,6873.183874072888
2011-03-01,5617.999999999997,6869.678740800788,5806.188042672585,8207.848143120264,6869.678740800788,6869.678740800788,1.0007712334020185,1.0007712334020185,1.0007712334020185,1.0007712334020185,1.0007712334020185,1.0007712334020185,1.0,1.0,1.0,6916.628675148956
2011-04-01,5562.000000000001,6898.781559136687,5831.615860176311,8210.436487494482,6898.781559136687,6898.781559136687,1.0010193664595588,1.0010193664595588,1.0010193664595588,1.0010193664595588,1.0010193664595588,1.0010193664595588,1.0,1.0,1.0,6961.190463110003
2011-05-01,5624.999999999996,6927.0629616132,5984.952705942228,8196.279235352376,6927.0629616132,6927.0629616132,1.0010193913528649,1.0010193913528649,1.0010193913528649,1.0010193913528649,1.0010193913528649,1.0010193913528649,1.0,1.0,1.0,6989.758381311815
2011-06-01,5589.000000000004,6956.408883392021,5865.19137873742,8269.662060844495,6956.408883392021,6956.408883392021,0.9993600745711375,0.9993600745711375,0.9993600745711375,0.9993600745711375,0.9993600745711375,0.9993600745711375,1.0,1.0,1.0,6917.122612262428
2011-07-01,5440.000000000004,6984.926527810237,5679.215753636727,7987.708542434408,6984.926527810237,6984.926527810237,0.9968715839196521,0.9968715839196521,0.9968715839196521,0.9968715839196521,0.9968715839196521,0.9968715839196521,1.0,1.0,1.0,6793.864077503996
2011-08-01,5664.999999999997,7014.517583738534,5848.372451475291,8181.36974299651,7014.517583738534,7014.517583738534,0.9981345163903235,0.9981345163903235,0.9981345163903235,0.9981345163903235,0.9981345163903235,0.9981345163903235,1.0,1.0,1.0,6899.4816183407165
2011-09-01,5614.000000000002,7044.233999695668,5842.531694711794,8182.198531500138,7044.233999695668,7044.233999695668,0.9979678042071024,0.9979678042071024,0.9979678042071024,0.9979678042071024,0.9979678042071024,0.9979678042071024,1.0,1.0,1.0,6918.40953328227
2011-10-01,5902.000000000005,7073.111681236445,5862.8293571177755,8241.666733996723,7073.111681236445,7073.111681236445,0.9984111927467274,0.9984111927467274,0.9984111927467274,0.9984111927467274,0.9984111927467274,0.9984111927467274,1.0,1.0,1.0,6974.119142572538
2011-11-01,6039.0,7103.076326177696,5967.406550891331,8339.01127962187,7103.076326177696,7103.076326177696,0.9988587634786146,0.9988587634786146,0.9988587634786146,0.9988587634786146,0.9988587634786146,0.9988587634786146,1.0,1.0,1.0,7031.5093730467315
2011-12-01,6112.000000000003,7132.1952305349405,6032.132833521553,8483.657088038663,7132.1952305349405,7132.1952305349405,1.0002685466578305,1.0002685466578305,1.0002685466578305,1.0002685466578305,1.0002685466578305,1.0002685466578305,1.0,1.0,1.0,7149.206704423649
2012-01-01,6176.9999999999945,7162.4101779818475,6095.273396815683,8531.851546690239,7162.4101779818475,7162.4101779818475,1.0010246208093436,1.0010246208093436,1.0010246208093436,1.0010246208093436,1.0010246208093436,1.0010246208093436,1.0,1.0,1.0,7227.816868057267
2012-02-01,6267.999999999995,7192.753128521718,6125.812238001546,8595.665678592712,7192.753128521718,7192.753128521718,1.000835095329782,1.000835095329782,1.000835095329782,1.000835095329782,1.000835095329782,1.000835095329782,1.0,1.0,1.0,7246.272895740207
2012-03-01,6326.999999999999,7221.254831776304,6313.548684138577,8871.764466577988,7221.254831776304,7221.254831776304,1.0029571512490905,1.0029571512490905,1.0029571512490905,1.0029571512490905,1.0029571512490905,1.0029571512490905,1.0,1.0,1.0,7413.210536137046
2012-04-01,6320.000000000003,7251.847072761058,6182.377962900739,8693.75887163022,7251.847072761058,7251.847072761058,1.0008770564549894,1.0008770564549894,1.0008770564549894,1.0008770564549894,1.0008770564549894,1.0008770564549894,1.0,1.0,1.0,7308.579654225695
2012-05-01,6369.9999999999945,7281.575859504749,6066.016692113898,8493.809238898692,7281.575859504749,7281.575859504749,0.9981950571275849,0.9981950571275849,0.9981950571275849,0.9981950571275849,0.9981950571275849,0.9981950571275849,1.0,1.0,1.0,7165.524469173671
2012-06-01,6274.999999999999,7312.4236454688335,6080.227036224625,8529.17985280359,7312.4236454688335,7312.4236454688335,0.9985370033659858,0.9985370033659858,0.9985370033659858,0.9985370033659858,0.9985370033659858,0.9985370033659858,1.0,1.0,1.0,7217.787575112197
2012-07-01,6430.9999999999945,7342.400764533052,6219.145172529137,8711.274447236749,7342.400764533052,7342.400764533052,1.0009883880894976,1.0009883880894976,1.0009883880894976,1.0009883880894976,1.0009883880894976,1.0009883880894976,1.0,1.0,1.0,7407.25245937774
2012-08-01,6350.999999999999,7373.5062301104235,6303.092331796501,8721.817146525593,7373.5062301104235,7373.5062301104235,0.9989936611747503,0.9989936611747503,0.9989936611747503,0.9989936611747503,0.9989936611747503,0.9989936611747503,1.0,1.0,1.0,7307.686388858038
2012-09-01,6598.000000000004,7404.743471386209,6009.883076227097,8281.765844079635,7404.743471386209,7404.743471386209,0.9943138464654016,0.9943138464654016,0.9943138464654016,0.9943138464654016,0.9943138464654016,0.9943138464654016,1.0,1.0,1.0,7037.924379046131
2012-10-01,6969.999999999997,7435.099053535677,6212.208310810914,8673.750806615422,7435.099053535677,7435.099053535677,0.9980229814418707,0.9980229814418707,0.9980229814418707,0.9980229814418707,0.9980229814418707,0.9980229814418707,1.0,1.0,1.0,7305.090108503923
2012-11-01,7082.000000000002,7466.59722764669,6381.430849076641,8847.098201866971,7466.59722764669,7466.59722764669,1.0011096153296273,1.0011096153296273,1.0011096153296273,1.0011096153296273,1.0011096153296273,1.0011096153296273,1.0,1.0,1.0,7540.810349004333
2012-12-01,7105.9999999999945,7497.206377902423,6283.725794223092,8751.766954909248,7497.206377902423,7497.206377902423,0.9997595943308768,0.9997595943308768,0.9997595943308768,0.9997595943308768,0.9997595943308768,0.9997595943308768,1.0,1.0,1.0,7481.140414966602
2013-01-01,7083.000000000004,7528.9676644887895,6322.885953524098,9040.466574694787,7528.9676644887895,7528.9676644887895,1.00095046548076,1.00095046548076,1.00095046548076,1.00095046548076,1.00095046548076,1.00095046548076,1.0,1.0,1.0,7593.087160720347
2013-02-01,7145.000000000001,7560.86350510432,6301.031202089329,8875.122436016265,7560.86350510432,7560.86350510432,0.9997778151779094,0.9997778151779094,0.9997778151779094,0.9997778151779094,0.9997778151779094,0.9997778151779094,1.0,1.0,1.0,7545.873883837243
2013-03-01,7214.000000000005,7589.788777621952,6517.879780734555,9115.950917991953,7589.788777621952,7589.788777621952,1.0022263947027412,1.0022263947027412,1.0022263947027412,1.0022263947027412,1.0022263947027412,1.0022263947027412,1.0,1.0,1.0,7742.10416158065
2013-04-01,7374.000000000006,7621.942281786724,6521.232082036139,9092.866651194054,7621.942281786724,7621.942281786724,1.000902853979299,1.000902853979299,1.000902853979299,1.000902853979299,1.000902853979299,1.000902853979299,1.0,1.0,1.0,7683.675456912945
2013-05-01,7326.000000000002,7653.188265657381,6311.013731533824,9006.078440868198,7653.188265657381,7653.188265657381,0.9991372281702527,0.9991372281702527,0.9991372281702527,0.9991372281702527,0.9991372281702527,0.9991372281702527,1.0,1.0,1.0,7594.340771220518
2013-06-01,7277.000000000003,7685.61035644061,6434.618632016124,8949.323936349789,7685.61035644061,7685.61035644061,0.9988430863111496,0.9988430863111496,0.9988430863111496,0.9988430863111496,0.9988430863111496,0.9988430863111496,1.0,1.0,1.0,7606.421121932301
2013-07-01,7521.999999999997,7717.1173461756725,6515.419367343174,9078.564057501375,7717.1173461756725,7717.1173461756725,0.9996190525149757,0.9996190525149757,0.9996190525149757,0.9996190525149757,0.9996190525149757,0.9996190525149757,1.0,1.0,1.0,7690.8422910308755
2013-08-01,7533.999999999998,7749.810267151536,6513.077157538855,8958.6143889155,7749.810267151536,7749.810267151536,0.9986722025112488,0.9986722025112488,0.9986722025112488,0.9986722025112488,0.9986722025112488,0.9986722025112488,1.0,1.0,1.0,7658.1425773925
2013-09-01,7837.999999999994,7782.641688947589,6383.543860074006,8969.96782931367,7782.641688947589,7782.641688947589,0.9955184516747503,0.9955184516747503,0.9955184516747503,0.9955184516747503,0.9955184516747503,0.9955184516747503,1.0,1.0,1.0,7475.660496233654
2013-10-01,7759.999999999996,7814.546456484997,6545.029671627431,9193.079467150945,7814.546456484997,7814.546456484997,0.9981764471919331,0.9981764471919331,0.9981764471919331,0.9981764471919331,0.9981764471919331,0.9981764471919331,1.0,1.0,1.0,7687.734586694706
2013-11-01,7919.0,7847.6521277225465,6594.549134129722,9370.325660955983,7847.6521277225465,7847.6521277225465,1.0003644985212008,1.0003644985212008,1.0003644985212008,1.0003644985212008,1.0003644985212008,1.0003644985212008,1.0,1.0,1.0,7873.341907689141
2013-12-01,7932.000000000001,7879.823404116383,6656.309233309738,9285.471589193145,7879.823404116383,7879.823404116383,0.9999202856933429,0.9999202856933429,0.9999202856933429,0.9999202856933429,0.9999202856933429,0.9999202856933429,1.0,1.0,1.0,7874.189532144926
2014-01-01,8077.000000000001,7913.205615672646,6765.475329639607,9530.271156221272,7913.205615672646,7913.205615672646,1.0009730200771854,1.0009730200771854,1.0009730200771854,1.0009730200771854,1.0009730200771854,1.0009730200771854,1.0,1.0,1.0,7982.589224272951
2014-02-01,8140.9999999999945,7946.729248170881,6766.677604584758,9406.231011560392,7946.729248170881,7946.729248170881,1.0001377458845548,1.0001377458845548,1.0001377458845548,1.0001377458845548,1.0001377458845548,1.0001377458845548,1.0,1.0,1.0,7956.564988234315
2014-03-01,8296.000000000004,7977.130710777911,6773.90541441881,9563.179909213559,7977.130710777911,7977.130710777911,1.0014975051668564,1.0014975051668564,1.0014975051668564,1.0014975051668564,1.0014975051668564,1.0014975051668564,1.0,1.0,1.0,8085.099580892796
2014-04-01,8526.000000000004,8010.925156584897,6812.405117606604,9592.835106389792,8010.925156584897,8010.925156584897,1.0009503279487413,1.0009503279487413,1.0009503279487413,1.0009503279487413,1.0009503279487413,1.0009503279487413,1.0,1.0,1.0,8079.615457712908
2014-05-01,8645.000000000004,8043.76576715078,6809.960164716575,9523.171968360632,8043.76576715078,8043.76576715078,1.0000790653777685,1.0000790653777685,1.0000790653777685,1.0000790653777685,1.0000790653777685,1.0000790653777685,1.0,1.0,1.0,8049.48675218573
2014-06-01,8741.999999999995,8077.84250679036,6775.3107789737605,9466.44862412064,8077.84250679036,8077.84250679036,0.9991175245692434,0.9991175245692434,0.9991175245692434,0.9991175245692434,0.9991175245692434,0.9991175245692434,1.0,1.0,1.0,8013.934103198733
2014-07-01,8846.000000000007,8110.95744355392,6702.229560299916,9380.863703425897,8110.95744355392,8110.95744355392,0.9982462348989604,0.9982462348989604,0.9982462348989604,0.9982462348989604,0.9982462348989604,0.9982462348989604,1.0,1.0,1.0,7983.815825887851
2014-08-01,8931.000000000002,8145.318835100222,6748.162851894148,9619.316995190586,8145.318835100222,8145.318835100222,0.9983856970540237,0.9983856970540237,0.9983856970540237,0.9983856970540237,0.9983856970540237,0.9983856970540237,1.0,1.0,1.0,8027.671582892183
2014-09-01,9085.999999999998,8179.825795802473,6646.156098988046,9500.072408683616,8179.825795802473,8179.825795802473,0.9967368773685888,0.9967368773685888,0.9967368773685888,0.9967368773685888,0.9967368773685888,0.9967368773685888,1.0,1.0,1.0,7942.466910902674
2014-10-01,9265.0,8213.35881080459,6876.26003595053,9571.322629260103,8213.35881080459,8213.35881080459,0.9983059591933691,0.9983059591933691,0.9983059591933691,0.9983059591933691,0.9983059591933691,0.9983059591933691,1.0,1.0,1.0,8088.794735461483
2014-11-01,9324.000000000004,8248.154017162457,6958.042077842006,9821.745636675174,8248.154017162457,8248.154017162457,0.9996139591157037,0.9996139591157037,0.9996139591157037,0.9996139591157037,0.9996139591157037,0.9996139591157037,1.0,1.0,1.0,8219.484790565613
2014-12-01,9562.999999999995,8281.967142197369,7090.566315689936,10003.82243110397,8281.967142197369,8281.967142197369,1.00008993816525,1.00008993816525,1.00008993816525,1.00008993816525,1.00008993816525,1.00008993816525,1.0,1.0,1.0,8288.68961594599
2015-01-01,9382.999999999995,8317.053002002098,7130.948860981053,9955.422391940238,8317.053002002098,8317.053002002098,1.0009977839923052,1.0009977839923052,1.0009977839923052,1.0009977839923052,1.0009977839923052,1.0009977839923052,1.0,1.0,1.0,8392.257519826757
2015-02-01,9490.000000000005,8352.287500111845,7053.646699752375,10032.795112946758,8352.287500111845,8352.287500111845,1.0004902609868815,1.0004902609868815,1.0004902609868815,1.0004902609868815,1.0004902609868815,1.0004902609868815,1.0,1.0,1.0,8389.33761328262
2015-03-01,9583.000000000007,8384.240489598198,7096.916391038466,9951.98827790863,8384.240489598198,8384.240489598198,1.000771233402004,1.000771233402004,1.000771233402004,1.000771233402004,1.000771233402004,1.000771233402004,1.0,1.0,1.0,8442.838209616362
2015-04-01,9658.000000000004,8419.759621869123,7143.81195479454,10082.203668246326,8419.759621869123,8419.759621869123,1.00101936645956,1.00101936645956,1.00101936645956,1.00101936645956,1.00101936645956,1.00101936645956,1.0,1.0,1.0,8497.652626750665
2015-05-01,9473.999999999995,8454.276240286503,7153.852294814599,9983.018727132961,8454.276240286503,8454.276240286503,1.001019391352871,1.001019391352871,1.001019391352871,1.001019391352871,1.001019391352871,1.001019391352871,1.0,1.0,1.0,8532.526049726817
2015-06-01,9356.999999999995,8490.092073146527,7200.697162536566,10088.144376449205,8490.092073146527,8490.092073146527,0.9993600745711406,0.9993600745711406,0.9993600745711406,0.9993600745711406,0.9993600745711406,0.9993600745711406,1.0,1.0,1.0,8441.067717202668
2015-07-01,9444.999999999998,8524.897017892938,7081.304277064219,9863.254281982277,8524.897017892938,8524.897017892938,0.9968715839196501,0.9968715839196501,0.9968715839196501,0.9968715839196501,0.9968715839196501,0.9968715839196501,1.0,1.0,1.0,8286.536262841164
2015-08-01,9409.0,8561.012029759557,7062.853555953538,10063.075103284962,8561.012029759557,8561.012029759557,0.9981345163903207,0.9981345163903207,0.9981345163903207,0.9981345163903207,0.9981345163903207,0.9981345163903207,1.0,1.0,1.0,8417.481973732914
2015-09-01,9476.999999999996,8597.280039847683,7142.695384713691,9950.079699911164,8597.280039847683,8597.280039847683,0.997967804207097,0.997967804207097,0.997967804207097,0.997967804207097,0.997967804207097,0.997967804207097,1.0,1.0,1.0,8440.293446127143
2015-10-01,9399.000000000005,8632.524399293767,7151.511416319088,10055.42547385506,8632.524399293767,8632.524399293767,0.9984111927467305,0.9984111927467305,0.9984111927467305,0.9984111927467305,0.9984111927467305,0.9984111927467305,1.0,1.0,1.0,8509.010840288254
2015-11-01,9332.000000000002,8669.095365542995,7314.577220327474,10152.573665717951,8669.095365542995,8669.095365542995,0.9988587634786169,0.9988587634786169,0.9988587634786169,0.9988587634786169,0.9988587634786169,0.9988587634786169,1.0,1.0,1.0,8579.797832308963
2015-12-01,9274.999999999993,8704.634130329003,7402.238834971788,10363.53194421915,8704.634130329003,8704.634130329003,1.0002685466578312,1.0002685466578312,1.0002685466578312,1.0002685466578312,1.0002685466578312,1.0002685466578312,1.0,1.0,1.0,8725.862928889666
2016-01-01,9201.0,8741.510583411276,7433.421602970027,10359.139261285249,8741.510583411276,8741.510583411276,1.0010246208093398,1.0010246208093398,1.0010246208093398,1.0010246208093398,1.0010246208093398,1.0010246208093398,1.0,1.0,1.0,8823.13758715096
2016-02-01,9059.999999999996,8778.543260496946,7567.208352866787,10559.871875580639,8778.543260496946,8778.543260496946,1.000835095329778,1.000835095329778,1.000835095329778,1.000835095329778,1.000835095329778,1.000835095329778,1.0,1.0,1.0,8845.333522324307
2016-03-01,9100.000000000002,8813.328749522865,7650.47239909201,10709.619492010144,8813.328749522865,8813.328749522865,1.00295715124909,1.00295715124909,1.00295715124909,1.00295715124909,1.00295715124909,1.00295715124909,1.0,1.0,1.0,9052.92932949758
2016-04-01,8873.0,8850.665678251198,7490.869575616956,10386.921063589863,8850.665678251198,8850.665678251198,1.000877056454988,1.000877056454988,1.000877056454988,1.000877056454988,1.000877056454988,1.000877056454988,1.0,1.0,1.0,8921.464254208147
2016-05-01,8834.000000000005,8886.948786519813,7380.607160591616,10282.633880575071,8886.948786519813,8886.948786519813,0.9981950571275889,0.9981950571275889,0.9981950571275889,0.9981950571275889,0.9981950571275889,0.9981950571275889,1.0,1.0,1.0,8742.164303515747
2016-06-01,8674.999999999995,8924.597600365858,7478.643006810137,10391.870001485273,8924.597600365858,8924.597600365858,0.9985370033659872,0.9985370033659872,0.9985370033659872,0.9985370033659872,0.9985370033659872,0.9985370033659872,1.0,1.0,1.0,8806.5278638298
2016-07-01,8661.000000000002,8961.183790914622,7685.349337256012,10735.226417558944,8961.183790914622,8961.183790914622,1.0009883880894876,1.0009883880894876,1.0009883880894876,1.0009883880894876,1.0009883880894876,1.0009883880894876,1.0,1.0,1.0,9042.11291868973
2016-08-01,8689.000000000005,8999.14709513621,7481.435343603018,10376.99379876586,8999.14709513621,8999.14709513621,0.9989936611747485,0.9989936611747485,0.9989936611747485,0.9989936611747485,0.9989936611747485,0.9989936611747485,1.0,1.0,1.0,8917.026980122744
2016-09-01,8542.999999999995,9037.271227714971,7208.910144259975,10252.304393916684,9037.271227714971,9037.271227714971,0.9943138464653901,0.9943138464653901,0.9943138464653901,0.9943138464653901,0.9943138464653901,0.9943138464653901,1.0,1.0,1.0,8579.826062585793
2016-10-01,8803.000000000002,9074.31932130795,7574.82788686726,10511.814433464664,9074.31932130795,9074.31932130795,0.9980229814418723,0.9980229814418723,0.9980229814418723,0.9980229814418723,0.9980229814418723,0.9980229814418723,1.0,1.0,1.0,8912.13262974746
2016-11-01,8901.999999999998,9112.76191472378,7715.991912301413,10847.724060209464,9112.76191472378,9112.76191472378,1.0011096153296337,1.0011096153296337,1.0011096153296337,1.0011096153296337,1.0011096153296337,1.0011096153296337,1.0,1.0,1.0,9205.37057476825
2016-12-01,8814.999999999998,9150.11948071913,7652.248964264244,10980.526917028523,9150.11948071913,9150.11948071913,0.9997595943308758,0.9997595943308758,0.9997595943308758,0.9997595943308758,0.9997595943308758,0.9997595943308758,1.0,1.0,1.0,9130.074074863292
2017-01-01,8874.000000000004,9188.883195158578,7808.113904073006,10862.74716642288,9188.883195158578,9188.883195158578,1.0009504654807635,1.0009504654807635,1.0009504654807635,1.0009504654807635,1.0009504654807635,1.0009504654807635,1.0,1.0,1.0,9268.893377519833
2017-02-01,9093.999999999993,9227.811128826015,7758.141134002394,10923.3283534716,9227.811128826015,9227.811128826015,0.9997778151779089,0.9997778151779089,0.9997778151779089,0.9997778151779089,0.9997778151779089,0.9997778151779089,1.0,1.0,1.0,9209.109020844615
2017-03-01,9163.999999999998,9263.113571657093,8028.928959414719,11291.31284399002,9263.113571657093,9263.113571657093,1.0022263947027432,1.0022263947027432,1.0022263947027432,1.0022263947027432,1.0022263947027432,1.0022263947027432,1.0,1.0,1.0,9453.197661186416
2017-04-01,9100.999999999995,9302.355976094383,7928.7084857394375,11144.053645601243,9302.355976094383,9302.355976094383,1.0009028539793012,1.0009028539793012,1.0009028539793012,1.0009028539793012,1.0009028539793012,1.0009028539793012,1.0,1.0,1.0,9379.385762009088
2017-05-01,9185.000000000005,9340.490778752584,7925.663072813375,10929.470571736858,9340.490778752584,9340.490778752584,0.9991372281702601,0.9991372281702601,0.9991372281702601,0.9991372281702601,0.9991372281702601,0.9991372281702601,1.0,1.0,1.0,9267.075351505391
2017-06-01,9109.999999999993,9380.060985243856,7859.903999098203,10987.143427049003,9380.060985243856,9380.060985243856,0.9988430863111516,0.9988430863111516,0.9988430863111516,0.9988430863111516,0.9988430863111516,0.9988430863111516,1.0,1.0,1.0,9281.272044872536
2017-07-01,9246.0,9418.514337869086,8019.232599380154,11108.174154940007,9418.514337869086,9418.514337869086,0.9996190525149681,0.9996190525149681,0.9996190525149681,0.9996190525149681,0.9996190525149681,0.9996190525149681,1.0,1.0,1.0,9385.733880127093
2017-08-01,9250.000000000007,9458.415084630517,7843.397712501795,11008.725742713412,9458.415084630517,9458.415084630517,0.9986722025112486,0.9986722025112486,0.9986722025112486,0.9986722025112486,0.9986722025112486,0.9986722025112486,1.0,1.0,1.0,9344.063468593935
2017-09-01,9516.000000000002,9498.484867562074,7684.831386086534,10874.222808730661,9498.484867562074,9498.484867562074,0.9955184516747586,0.9955184516747586,0.9955184516747586,0.9955184516747586,0.9955184516747586,0.9955184516747586,1.0,1.0,1.0,9115.662158781131
2017-10-01,9667.999999999996,9537.42369627465,7891.634600232154,11128.636360960387,9537.42369627465,9537.42369627465,0.998176447191934,0.998176447191934,0.998176447191934,0.998176447191934,0.998176447191934,0.998176447191934,1.0,1.0,1.0,9379.242165053809
2017-11-01,10084.999999999998,9577.828192568857,8085.608932216069,11305.23534482113,9577.828192568857,9577.828192568857,1.0003644985212075,1.0003644985212075,1.0003644985212075,1.0003644985212075,1.0003644985212075,1.0003644985212075,1.0,1.0,1.0,9609.87954247658
2017-12-01,9982.999999999996,9617.092287488098,8122.534873209547,11315.832901234351,9617.092287488098,9617.092287488098,0.9999202856933433,0.9999202856933433,0.9999202856933433,0.9999202856933433,0.9999202856933433,0.9999202856933433,1.0,1.0,1.0,9610.06367844964
2018-01-01,10000.00000000001,9657.834293093096,8215.24761612496,11503.936985437189,9657.834293093096,9657.834293093096,1.000973020077188,1.000973020077188,1.000973020077188,1.000973020077188,1.000973020077188,1.000973020077188,1.0,1.0,1.0,9744.402902162336
2018-02-01,10262.0,9698.74889879085,8149.866561195459,11523.3420166986,9698.74889879085,9698.74889879085,1.0001377458845504,1.0001377458845504,1.0001377458845504,1.0001377458845504,1.0001377458845504,1.0001377458845504,1.0,1.0,1.0,9711.019616977785
2018-03-01,10465.999999999996,9735.85298813041,8394.243212453976,11609.564192031674,9735.85298813041,9735.85298813041,1.0014975051668522,1.0014975051668522,1.0014975051668522,1.0014975051668522,1.0014975051668522,1.0014975051668522,1.0,1.0,1.0,9870.568130784792
2018-04-01,10498.999999999998,9777.098113492058,8252.696306068205,11737.868633241149,9777.098113492058,9777.098113492058,1.0009503279487457,1.0009503279487457,1.0009503279487457,1.0009503279487457,1.0009503279487457,1.0009503279487457,1.0,1.0,1.0,9862.79896090131
2018-05-01,10433.999999999996,9817.17911104645,8253.388644127088,11675.841833166241,9817.17911104645,9817.17911104645,1.0000790653777683,1.0000790653777683,1.0000790653777683,1.0000790653777683,1.0000790653777683,1.0000790653777683,1.0,1.0,1.0,9824.316156948253
2018-06-01,10639.999999999995,9858.768767713054,8251.495126977505,11581.19019435855,9858.768767713054,9858.768767713054,0.9991175245692444,0.9991175245692444,0.9991175245692444,0.9991175245692444,0.9991175245692444,0.9991175245692444,1.0,1.0,1.0,9779.050168584237
2018-07-01,10895.99999999999,9899.184572308766,8166.702634345715,11501.688901010624,9899.184572308766,9899.184572308766,0.9982462348989599,0.9982462348989599,0.9982462348989599,0.9982462348989599,0.9982462348989599,0.9982462348989599,1.0,1.0,1.0,9740.604887063591
2018-08-01,11391.00000000001,9941.121638240304,8339.443195232137,11667.947932208648,9941.121638240304,9941.121638240304,0.9983856970540241,0.9983856970540241,0.9983856970540241,0.9983856970540241,0.9983856970540241,0.9983856970540241,1.0,1.0,1.0,9794.383432383413
2018-09-01,11442.999999999993,9983.236367037514,8215.947765904595,11538.535473187323,9983.236367037514,9983.236367037514,0.9967368773685861,0.9967368773685861,0.9967368773685861,0.9967368773685861,0.9967368773685861,0.9967368773685861,1.0,1.0,1.0,9687.236496935775
2018-10-01,11508.00000000001,10024.162423804803,8471.24127333699,11810.184505548841,10024.162423804803,10024.162423804803,0.9983059591933674,0.9983059591933674,0.9983059591933674,0.9983059591933674,0.9983059591933674,0.9983059591933674,1.0,1.0,1.0,9868.801386849556
2018-11-01,11884.999999999995,10066.628947931598,8470.933100538801,11945.387872773987,10066.628947931598,10066.628947931598,0.9996139591157025,0.9996139591157025,0.9996139591157025,0.9996139591157025,0.9996139591157025,0.9996139591157025,1.0,1.0,1.0,10030.8673146277
2018-12-01,11943.999999999993,10107.896870740535,8540.194422182454,11921.112859805125,10107.896870740535,10107.896870740535,1.0000899381652513,1.0000899381652513,1.0000899381652513,1.0000899381652513,1.0000899381652513,1.0000899381652513,1.0,1.0,1.0,10116.282715389845
2019-01-01,11870.999999999996,10150.718128835186,8672.286986907618,12231.337658302495,10150.718128835186,10150.718128835186,1.0009977839923065,1.0009977839923065,1.0009977839923065,1.0009977839923065,1.0009977839923065,1.0009977839923065,1.0,1.0,1.0,10244.538371982813
2019-02-01,11651.999999999998,10193.720795601519,8687.549562893142,12024.978757213954,10193.720795601519,10193.720795601519,1.0004902609868798,1.0004902609868798,1.0004902609868798,1.0004902609868798,1.0004902609868798,1.0004902609868798,1.0,1.0,1.0,10239.939288563153
2019-03-01,11911.000000000005,10232.718477781917,8681.002212185578,12198.781731475172,10232.718477781917,10232.718477781917,1.0007712334020178,1.0007712334020178,1.0007712334020178,1.0007712334020178,1.0007712334020178,1.0007712334020178,1.0,1.0,1.0,10305.818106136987
2019-04-01,12145.000000000004,10276.068532155286,8775.126975234878,12313.18123467363,10276.068532155286,10276.068532155286,1.0010193664595606,1.0010193664595606,1.0010193664595606,1.0010193664595606,1.0010193664595606,1.0010193664595606,1.0,1.0,1.0,10373.240115694438
2019-05-01,12152.999999999993,10318.195047909248,8702.182212378058,12353.395491783265,10318.195047909248,10318.195047909248,1.0010193913528682,1.0010193913528682,1.0010193913528682,1.0010193913528682,1.0010193913528682,1.0010193913528682,1.0,1.0,1.0,10415.81079310456
2019-06-01,12215.999999999993,10361.907216609394,8566.165642658374,12187.03181210852,10361.907216609394,10361.907216609394,0.999360074571139,0.999360074571139,0.999360074571139,0.999360074571139,0.999360074571139,0.999360074571139,1.0,1.0,1.0,10300.76061975332
2019-07-01,11896.000000000002,10404.385626152469,8495.413671191414,12136.623348996898,10404.385626152469,10404.385626152469,0.9968715839196587,0.9968715839196587,0.9968715839196587,0.9968715839196587,0.9968715839196587,0.9968715839196587,1.0,1.0,1.0,10107.161764209995
2019-08-01,12478.999999999996,10448.462934014942,8708.25114605408,12238.81115070766,10448.462934014942,10448.462934014942,0.998134516390319,0.998134516390319,0.998134516390319,0.998134516390319,0.998134516390319,0.998134516390319,1.0,1.0,1.0,10269.467577066956
2019-09-01,12584.0,10492.726971698685,8752.884858222666,12116.488153228527,10492.726971698685,10492.726971698685,0.9979678042070972,0.9979678042070972,0.9979678042070972,0.9979678042070972,0.9979678042070972,0.9979678042070972,1.0,1.0,1.0,10296.955263205338
2019-10-01,12804.999999999996,10535.741673935454,8846.295563139374,12320.093170765886,10535.741673935454,10535.741673935454,0.9984111927467297,0.9984111927467297,0.9984111927467297,0.9984111927467297,0.9984111927467297,0.9984111927467297,1.0,1.0,1.0,10381.70756765042
2019-11-01,12999.99999999999,10580.375460687288,8926.729068381788,12416.808651050727,10580.375460687288,10580.375460687288,0.9988587634786118,0.9988587634786118,0.9988587634786118,0.9988587634786118,0.9988587634786118,0.9988587634786118,1.0,1.0,1.0,10469.008421643135
2019-12-01,12980.00000000001,10623.749475966828,8959.933756713739,12605.270438136284,10623.749475966828,10623.749475966828,1.000268546657833,1.000268546657833,1.000268546657833,1.000268546657833,1.000268546657833,1.000268546657833,1.0,1.0,1.0,10650.228340251877
2020-01-01,12849.999999999996,10668.756100397311,9088.468442236926,12808.632721459977,10668.756100397311,10668.756100397311,1.0010246208093474,1.0010246208093474,1.0010246208093474,1.0010246208093474,1.0010246208093474,1.0010246208093474,1.0,1.0,1.0,10770.576828785766
2020-02-01,12844.000000000011,10713.953310167453,9069.00304323276,12860.335485012309,10713.953310167453,10713.953310167453,1.0008350953297822,1.0008350953297822,1.0008350953297822,1.0008350953297822,1.0008350953297822,1.0008350953297822,1.0,1.0,1.0,10797.264421525564
2020-03-01,12794.999999999996,10756.407897753883,9351.146375982562,13044.37026574786,10756.407897753883,10756.407897753883,1.0029571512490851,1.0029571512490851,1.0029571512490851,1.0029571512490851,1.0029571512490851,1.0029571512490851,1.0,1.0,1.0,11055.335314687432
2020-04-01,11911.000000000005,10801.976436349481,9153.251695564062,12983.221632648305,10801.976436349481,10801.976436349481,1.000877056454985,1.000877056454985,1.000877056454985,1.000877056454985,1.000877056454985,1.000877056454985,1.0,1.0,1.0,10890.285996302562
2020-05-01,9713.999999999998,10846.258820130146,8931.951275227339,12538.774696350494,10846.258820130146,10846.258820130146,0.9981950571275886,0.9981950571275886,0.9981950571275886,0.9981950571275886,0.9981950571275886,0.9981950571275886,1.0,1.0,1.0,10665.713971762974
2020-06-01,10446.000000000004,10892.208003943282,9111.408128519128,12702.332803454125,10892.208003943282,10892.208003943282,0.9985370033659898,0.9985370033659898,0.9985370033659898,0.9985370033659898,0.9985370033659898,0.9985370033659898,1.0,1.0,1.0,10744.972655754875
2020-07-01,11003.999999999993,10936.860289373784,9233.484344036951,12997.08890703378,10936.860289373784,10936.860289373784,1.000988388089477,1.000988388089477,1.000988388089477,1.000988388089477,1.000988388089477,1.000988388089477,1.0,1.0,1.0,11037.804210105824
2020-08-01,10579.000000000002,10983.193298027636,9207.279349596844,12733.561249442797,10983.193298027636,10983.193298027636,0.9989936611747495,0.9989936611747495,0.9989936611747495,0.9989936611747495,0.9989936611747495,0.9989936611747495,1.0,1.0,1.0,10880.785214883379
2020-09-01,10926.0,11029.722592236383,8799.662883519659,12449.71964011259,11029.722592236383,11029.722592236383,0.9943138464653986,0.9943138464653986,0.9943138464653986,0.9943138464653986,0.9943138464653986,0.9943138464653986,1.0,1.0,1.0,10459.53422056399
2020-10-01,10456.0,11074.9386146654,9288.66256035376,13053.26712402826,11074.9386146654,11074.9386146654,0.9980229814418725,0.9980229814418725,0.9980229814418725,0.9980229814418725,0.9980229814418725,0.9980229814418725,1.0,1.0,1.0,10872.706770739951
2020-11-01,11195.999999999996,11121.856579519786,9438.698502965477,13526.430642379677,11121.856579519786,11121.856579519786,1.001109615329637,1.001109615329637,1.001109615329637,1.001109615329637,1.001109615329637,1.001109615329637,1.0,1.0,1.0,11237.365369434267
2020-12-01,11171.999999999996,11167.450302512043,9451.68073636029,13178.429984907003,11167.450302512043,11167.450302512043,0.9997595943308771,0.9997595943308771,0.9997595943308771,0.9997595943308771,0.9997595943308771,0.9997595943308771,1.0,1.0,1.0,11142.451704147343
2021-01-01,11136.99999999999,11214.760184673605,9570.974516041066,13417.429964625991,11214.760184673605,11214.760184673605,1.000950465480761,1.000950465480761,1.000950465480761,1.000950465480761,1.000950465480761,1.000950465480761,1.0,1.0,1.0,11314.551631846269
2021-02-01,9916.000000000002,11262.270490825384,9438.90385824943,13305.839510708132,11262.270490825384,11262.270490825384,0.9997778151779109,0.9997778151779109,0.9997778151779109,0.9997778151779109,0.9997778151779109,0.9997778151779109,1.0,1.0,1.0,11238.947537179487
2021-03-01,11350.999999999993,11305.356000295393,9694.938021113114,13749.792322064866,11305.356000295393,11305.356000295393,1.0022263947027363,1.0022263947027363,1.0022263947027363,1.0022263947027363,1.0022263947027363,1.0022263947027363,1.0,1.0,1.0,11542.461173543372
2021-04-01,11317.999999999993,11353.250107336837,9570.961839469888,13531.278800722954,11353.250107336837,11353.250107336837,1.0009028539793,1.0009028539793,1.0009028539793,1.0009028539793,1.0009028539793,1.0009028539793,1.0,1.0,1.0,11449.32108584184
2021-05-01,11390.00000000001,11399.792421271088,9634.641626476394,13436.596146691429,11399.792421271088,11399.792421271088,0.999137228170248,0.999137228170248,0.999137228170248,0.999137228170248,0.999137228170248,0.999137228170248,1.0,1.0,1.0,11308.24622316195
2021-06-01,11365.999999999998,11448.086599575628,9585.361294237924,13384.864976810512,11448.086599575628,11448.086599575628,0.9988430863111547,0.9988430863111547,0.9988430863111547,0.9988430863111547,0.9988430863111547,0.9988430863111547,1.0,1.0,1.0,11324.90542933155
2021-07-01,11392.000000000005,11495.01769291247,9682.130807230807,13401.481334569671,11495.01769291247,11495.01769291247,0.9996190525149842,0.9996190525149842,0.9996190525149842,0.9996190525149842,0.9996190525149842,0.9996190525149842,1.0,1.0,1.0,11454.140563828376
2021-08-01,11276.000000000002,11543.715284373831,9580.741234859972,13524.703788791183,11543.715284373831,11543.715284373831,0.9986722025112457,0.9986722025112457,0.9986722025112457,0.9986722025112457,0.9986722025112457,0.9986722025112457,1.0,1.0,1.0,11401.134003802788
2021-09-01,10920.999999999996,11592.619178728975,9480.009041116016,13156.2163669581,11592.619178728975,11592.619178728975,0.9955184516747665,0.9955184516747665,0.9955184516747665,0.9955184516747665,0.9955184516747665,0.9955184516747665,1.0,1.0,1.0,11115.443816648125
2021-10-01,11563.999999999998,11640.142779110856,9664.151407322392,13623.444614499325,11640.142779110856,11640.142779110856,0.9981764471919349,0.9981764471919349,0.9981764471919349,0.9981764471919349,0.9981764471919349,0.9981764471919349,1.0,1.0,1.0,11442.924939458258
2021-11-01,11782.000000000007,11689.455179731043,9949.553340560718,13943.303447061731,11689.455179731043,11689.455179731043,1.0003644985212032,1.0003644985212032,1.0003644985212032,1.0003644985212032,1.0003644985212032,1.0003644985212032,1.0,1.0,1.0,11729.424521866256
2021-12-01,11678.000000000004,11737.37575644269,9916.092636233141,13781.568094009597,11737.37575644269,11737.37575644269,0.99992028569334,0.99992028569334,0.99992028569334,0.99992028569334,0.99992028569334,0.99992028569334,1.0,1.0,1.0,11728.611265167605
2022-01-01,11480.000000000007,11787.10007568129,10018.457174895904,14089.457770717374,11787.10007568129,11787.10007568129,1.0009730200771891,1.0009730200771891,1.0009730200771891,1.0009730200771891,1.0009730200771891,1.0009730200771891,1.0,1.0,1.0,11895.059135926109
2022-02-01,11257.999999999995,11837.035047452027,9967.31246496982,13949.352542101346,11837.035047452027,11837.035047452027,1.000137745884556,1.000137745884556,1.000137745884556,1.000137745884556,1.000137745884556,1.000137745884556,1.0,1.0,1.0,11852.336343040646
2022-03-01,11805.999999999995,11882.319405170974,10145.104294438399,14454.974969955552,11882.319405170974,11882.319405170974,1.0014975051668618,1.0014975051668618,1.0014975051668618,1.0014975051668618,1.0014975051668618,1.0014975051668618,1.0,1.0,1.0,12050.327314523696
2022-04-01,11770.0,11932.657764925147,10126.39768934147,14286.612704123376,11932.657764925147,11932.657764925147,1.0009503279487444,1.0009503279487444,1.0009503279487444,1.0009503279487444,1.0009503279487444,1.0009503279487444,1.0,1.0,1.0,12039.53136728788
2022-05-01,11733.999999999995,11981.575343461202,10173.353260493499,14196.093289596363,11981.575343461202,11981.575343461202,1.000079065377772,1.000079065377772,1.000079065377772,1.000079065377772,1.000079065377772,1.000079065377772,1.0,1.0,1.0,11990.47476915542
2022-06-01,11799.999999999998,12032.334191922926,10047.025599967503,14111.350582403062,12032.334191922926,12032.334191922926,0.9991175245692417,0.9991175245692417,0.9991175245692417,0.9991175245692417,0.9991175245692417,0.9991175245692417,1.0,1.0,1.0,11932.940837957318
2022-07-01,11833.99999999999,12081.660391031333,9981.793719973064,14039.14198673266,12081.660391031333,12081.660391031333,0.9982462348989641,0.9982462348989641,0.9982462348989641,0.9982462348989641,0.9982462348989641,0.9982462348989641,1.0,1.0,1.0,11883.961811164265
2022-08-01,11985.000000000004,12132.843240646269,9992.769146041714,14157.298293427246,12132.843240646269,12132.843240646269,0.9983856970540269,0.9983856970540269,0.9983856970540269,0.9983856970540269,0.9983856970540269,0.9983856970540269,1.0,1.0,1.0,11949.906480432566
2022-09-01,12325.0,12184.242921723924,9869.300696717843,13962.08904114936,12184.242921723924,12184.242921723924,0.9967368773685851,0.9967368773685851,0.9967368773685851,0.9967368773685851,0.9967368773685851,0.9967368773685851,1.0,1.0,1.0,11815.287322898079
2022-10-01,12377.99999999999,12234.191866189403,10105.83269950376,14291.138469972171,12234.191866189403,12234.191866189403,0.9983059591933712,0.9983059591933712,0.9983059591933712,0.9983059591933712,0.9983059591933712,0.9983059591933712,1.0,1.0,1.0,12040.510367530098
2022-11-01,12375.999999999989,12286.020901452823,10350.970242380741,14487.994140187682,12286.020901452823,12286.020901452823,0.9996139591156967,0.9996139591156967,0.9996139591156967,0.9996139591156967,0.9996139591156967,0.9996139591156967,1.0,1.0,1.0,12241.43314546548
2022-12-01,12137.999999999998,12336.387081744086,10350.39541816013,14648.013475397744,12336.387081744086,12336.387081744086,1.0000899381652495,1.0000899381652495,1.0000899381652495,1.0000899381652495,1.0000899381652495,1.0000899381652495,1.0,1.0,1.0,12346.842985773777
2023-01-01,12568.000000000004,12388.649057694449,10449.354556574972,14922.168515842633,12388.649057694449,12388.649057694449,1.0009977839923017,1.0009977839923017,1.0009977839923017,1.0009977839923017,1.0009977839923017,1.0009977839923017,1.0,1.0,1.0,12505.638437524967
2023-02-01,12531.999999999995,12441.132436727588,10493.30758354627,14809.886625308241,12441.132436727588,12441.132436727588,1.0004902609868842,1.0004902609868842,1.0004902609868842,1.0004902609868842,1.0004902609868842,1.0004902609868842,1.0,1.0,1.0,12498.76122186989
2023-03-01,12770.000000000004,12488.727859858049,10674.61715568567,14936.982432926188,12488.727859858049,12488.727859858049,1.000771233402013,1.000771233402013,1.000771233402013,1.000771233402013,1.000771233402013,1.000771233402013,1.0,1.0,1.0,12579.87587728293
2023-04-01,12650.000000000005,12541.635213586304,10588.034648665853,15196.42390902266,12541.635213586304,12541.635213586304,1.0010193664595586,1.0010193664595586,1.0010193664595586,1.0010193664595586,1.0010193664595586,1.0010193664595586,1.0,1.0,1.0,12662.800410271155
2023-05-01,12693.999999999995,12593.04927721046,10749.06769777022,14974.55863633369,12593.04927721046,12593.04927721046,1.0010193913528669,1.0010193913528669,1.0010193913528669,1.0010193913528669,1.0010193913528669,1.0010193913528669,1.0,1.0,1.0,12714.767169689938
2023-06-01,12844.000000000011,12646.398579085177,10446.661225180966,14830.112915686781,12646.398579085177,12646.398579085177,0.9993600745711357,0.9993600745711357,0.9993600745711357,0.9993600745711357,0.9993600745711357,0.9993600745711357,1.0,1.0,1.0,12570.16771715956
2023-07-01,12991.0,12698.242117036025,10440.818778571558,14538.474326988726,12698.242117036025,12698.242117036025,0.996871583919648,0.996871583919648,0.996871583919648,0.996871583919648,0.996871583919648,0.996871583919648,1.0,1.0,1.0,12327.790984734798
2023-08-01,12757.999999999989,12752.037058758831,10644.144245730524,14898.498969209919,12752.037058758831,12752.037058758831,0.9981345163903209,0.9981345163903209,0.9981345163903209,0.9981345163903209,0.9981345163903209,0.9981345163903209,1.0,1.0,1.0,12528.916709149873
2023-08-01,12757.999999999989,12752.037058758831,10696.181060730723,14763.589815329953,12752.037058758831,12752.037058758831,0.9981345163903209,0.9981345163903209,0.9981345163903209,0.9981345163903209,0.9981345163903209,0.9981345163903209,1.0,1.0,1.0,12528.916709149873
2023-09-01,,12806.059897833751,10628.497596707879,14933.219340985876,12806.059897833751,12806.059897833751,0.9979678042070915,0.9979678042070915,0.9979678042070915,0.9979678042070915,0.9979678042070915,0.9979678042070915,1.0,1.0,1.0,12562.033965131035
2023-10-01,,12858.557962651386,10665.535067840121,14980.902940732816,12858.557962651386,12858.557962651386,0.998411192746728,0.998411192746728,0.998411192746728,0.998411192746728,0.998411192746728,0.998411192746728,1.0,1.0,1.0,12666.550544465601
2023-11-01,,12913.032067796394,10816.358495404556,15180.17732363029,12913.032067796394,12913.032067796394,0.9988587634786195,0.9988587634786195,0.9988587634786195,0.9988587634786195,0.9988587634786195,0.9988587634786195,1.0,1.0,1.0,12774.205393568407
2023-12-01,,12965.968661869467,11085.560841059807,15553.957092130306,12965.968661869467,12965.968661869467,1.0002685466578316,1.0002685466578316,1.0002685466578316,1.0002685466578316,1.0002685466578316,1.0002685466578316,1.0,1.0,1.0,12998.980712212644
2024-01-01,,13020.897802621103,11055.537215478886,15659.54438245656,13020.897802621103,13020.897802621103,1.0010246208093498,1.0010246208093498,1.0010246208093498,1.0010246208093498,1.0010246208093498,1.0010246208093498,1.0,1.0,1.0,13147.849330418177
2024-02-01,,13076.059645655358,11075.6451457701,15534.67994351228,13076.059645655358,13076.059645655358,1.0008350953297824,1.0008350953297824,1.0008350953297824,1.0008350953297824,1.0008350953297824,1.0008350953297824,1.0,1.0,1.0,13179.930160378626
2024-03-01,,13127.874200324459,11382.075862369566,16108.947898607114,13127.874200324459,13127.874200324459,1.0029571512490956,1.0029571512490956,1.0029571512490956,1.0029571512490956,1.0029571512490956,1.0029571512490956,1.0,1.0,1.0,13500.646294090706
2024-04-01,,13183.489239086663,11272.68642748577,15639.13179978461,13183.489239086663,13183.489239086663,1.0008770564549856,1.0008770564549856,1.0008770564549856,1.0008770564549856,1.0008770564549856,1.0008770564549856,1.0,1.0,1.0,13293.590134971491
2024-05-01,,13237.534564355932,10874.114941690805,15527.625419139562,13237.534564355932,13237.534564355932,0.9981950571275847,0.9981950571275847,0.9981950571275847,0.9981950571275847,0.9981950571275847,0.9981950571275847,1.0,1.0,1.0,13012.50048178041
2024-06-01,,13293.614169224058,11119.03284878294,15441.940328374894,13293.614169224058,13293.614169224058,0.9985370033659867,0.9985370033659867,0.9985370033659867,0.9985370033659867,0.9985370033659867,0.9985370033659867,1.0,1.0,1.0,13110.093120553942
2024-07-01,,13348.110948396105,11369.266519645225,15871.163522262985,13348.110948396105,13348.110948396105,1.000988388089493,1.000988388089493,1.000988388089493,1.000988388089493,1.000988388089493,1.000988388089493,1.0,1.0,1.0,13473.961741411304
2024-08-01,,13404.659000005191,11190.501393387927,15720.657453374812,13404.659000005191,13404.659000005191,0.9989936611747492,0.9989936611747492,0.9989936611747492,0.9989936611747492,0.9989936611747492,0.9989936611747492,1.0,1.0,1.0,13277.009361691755
2024-09-01,,13461.446612264659,10699.14032753676,15230.063173326978,13461.446612264659,13461.446612264659,0.9943138464653837,0.9943138464653837,0.9943138464653837,0.9943138464653837,0.9943138464653837,0.9943138464653837,1.0,1.0,1.0,12751.053791424314
2024-10-01,,13516.631415586511,11205.213944177349,15666.272198091172,13516.631415586511,13516.631415586511,0.9980229814418683,0.9980229814418683,0.9980229814418683,0.9980229814418683,0.9980229814418683,0.9980229814418683,1.0,1.0,1.0,13264.582461769183
2024-11-01,,13573.893388746948,11696.259458254222,16205.240564029096,13573.893388746948,13573.893388746948,1.0011096153296262,1.0011096153296262,1.0011096153296262,1.0011096153296262,1.0011096153296262,1.0011096153296262,1.0,1.0,1.0,13717.899087350108
2024-12-01,,13629.539164312158,11633.739063532226,15984.784745522407,13629.539164312158,13629.539164312158,0.9997595943308772,0.9997595943308772,0.9997595943308772,0.9997595943308772,0.9997595943308772,0.9997595943308772,1.0,1.0,1.0,13598.377700444616
2025-01-01,,13687.279460826865,11505.243720211081,16467.74891379605,13687.279460826865,13687.279460826865,1.0009504654807608,1.0009504654807608,1.0009504654807608,1.0009504654807608,1.0009504654807608,1.0009504654807608,1.0,1.0,1.0,13811.685926724915
2025-02-01,,13745.26436882851,11710.0567855377,16448.108512917,13745.26436882851,13745.26436882851,0.9997778151779106,0.9997778151779106,0.9997778151779106,0.9997778151779106,0.9997778151779106,0.9997778151779106,1.0,1.0,1.0,13716.192142436368
2025-03-01,,13797.848944790672,11983.83054434329,16604.861617207458,13797.848944790672,13797.848944790672,1.0022263947027397,1.0022263947027397,1.0022263947027397,1.0022263947027397,1.0022263947027397,1.0022263947027397,1.0,1.0,1.0,14093.471943876013
2025-04-01,,13856.302270301689,11812.002552219996,16561.953862710754,13856.302270301689,13856.302270301689,1.0009028539793,1.0009028539793,1.0009028539793,1.0009028539793,1.0009028539793,1.0009028539793,1.0,1.0,1.0,13976.066697197224
2025-05-01,,13913.105772746816,11697.10082918974,16503.50206167129,13913.105772746816,13913.105772746816,0.9991372281702612,0.9991372281702612,0.9991372281702612,0.9991372281702612,0.9991372281702612,0.9991372281702612,1.0,1.0,1.0,13799.003163653182
2025-06-01,,13972.047373271535,11674.345071004815,16324.859682218015,13972.047373271535,13972.047373271535,0.9988430863111527,0.9988430863111527,0.9988430863111527,0.9988430863111527,0.9988430863111527,0.9988430863111527,1.0,1.0,1.0,13818.521071858317
2025-07-01,,14029.325369352166,11799.821547576237,16560.601061215446,14029.325369352166,14029.325369352166,0.9996190525149735,0.9996190525149735,0.9996190525149735,0.9996190525149735,0.9996190525149735,0.9996190525149735,1.0,1.0,1.0,13978.374875584492
2025-08-01,,14088.75932357189,11696.47452510187,16490.622290822168,14088.75932357189,14088.75932357189,0.9986722025112493,0.9986722025112493,0.9986722025112493,0.9986722025112493,0.9986722025112493,0.9986722025112493,1.0,1.0,1.0,13911.060096983294
2025-09-01,,14148.445064304546,11370.898378953918,16052.102233473679,14148.445064304546,14148.445064304546,0.9955184516747618,0.9955184516747618,0.9955184516747618,0.9955184516747618,0.9955184516747618,0.9955184516747618,1.0,1.0,1.0,13553.932055487261
2025-10-01,,14206.446197516507,11995.822626377098,16518.278926575218,14206.446197516507,14206.446197516507,0.9981764471919323,0.9981764471919323,0.9981764471919323,0.9981764471919323,0.9981764471919323,0.9981764471919323,1.0,1.0,1.0,13960.67001125083
2025-11-01,,14266.630507930515,12138.440150724784,17107.757079163857,14266.630507930515,14266.630507930515,1.0003644985212126,1.0003644985212126,1.0003644985212126,1.0003644985212126,1.0003644985212126,1.0003644985212126,1.0,1.0,1.0,14316.451346516307
2025-12-01,,14325.116138882542,11985.85728021244,16799.804355216434,14325.116138882542,14325.116138882542,0.9999202856933409,0.9999202856933409,0.9999202856933409,0.9999202856933409,0.9999202856933409,0.9999202856933409,1.0,1.0,1.0,14314.191990945674
2026-01-01,,14385.803183653075,12271.620903236508,17246.087543221893,14385.803183653075,14385.803183653075,1.000973020077183,1.000973020077183,1.000973020077183,1.000973020077183,1.000973020077183,1.000973020077183,1.0,1.0,1.0,14520.377278330896
2026-02-01,,14446.747323540108,12317.662095872236,17191.015194663414,14446.747323540108,14446.747323540108,1.000137745884551,1.000137745884551,1.000137745884551,1.000137745884551,1.000137745884551,1.000137745884551,1.0,1.0,1.0,14465.819063755442
2026-03-01,,14502.015528039981,12400.824245232989,17307.378685729247,14502.015528039981,14502.015528039981,1.0014975051668569,1.0014975051668569,1.0014975051668569,1.0014975051668569,1.0014975051668569,1.0014975051668569,1.0,1.0,1.0,14711.449486164918
2026-04-01,,14563.451990898662,12443.023775398404,17485.167432248472,14563.451990898662,14563.451990898662,1.0009503279487442,1.0009503279487442,1.0009503279487442,1.0009503279487442,1.0009503279487442,1.0009503279487442,1.0,1.0,1.0,14696.66910439109
2026-05-01,,14623.154432764957,12412.750585450338,17312.47154877788,14623.154432764957,14623.154432764957,1.0000790653777707,1.0000790653777707,1.0000790653777707,1.0000790653777707,1.0000790653777707,1.0000790653777707,1.0,1.0,1.0,14634.246433361908
2026-06-01,,14685.104089517774,12217.23768109357,17239.071033859072,14685.104089517774,14685.104089517774,0.9991175245692465,0.9991175245692465,0.9991175245692465,0.9991175245692465,0.9991175245692465,0.9991175245692465,1.0,1.0,1.0,14561.235946817382
2026-07-01,,14745.305240574025,12322.519893604094,17039.290126532655,14745.305240574025,14745.305240574025,0.9982462348989596,0.9982462348989596,0.9982462348989596,0.9982462348989596,0.9982462348989596,0.9982462348989596,1.0,1.0,1.0,14498.948575084136
